[
  {
    "stationID": 58216,
    "wmoNumber": 94599,
    "name": "CAPE BYRON AWS",
    "state": "NSW",
    "code": "N"
  },
  {
    "stationID": 58214,
    "wmoNumber": 94572,
    "name": "LISMORE AIRPORT AWS",
    "state": "NSW",
    "code": "N"
  },
  {
    "stationID": 58198,
    "wmoNumber": 94596,
    "name": "BALLINA AIRPORT AWS",
    "state": "NSW",
    "code": "N"
  },
  {
    "stationID": 58208,
    "wmoNumber": 94573,
    "name": "CASINO AIRPORT AWS",
    "state": "NSW",
    "code": "N"
  },
  {
    "stationID": 58212,
    "wmoNumber": 94598,
    "name": "EVANS HEAD RAAF BOMBING RANGE AWS",
    "state": "NSW",
    "code": "N"
  },
  {
    "stationID": 58012,
    "wmoNumber": 94589,
    "name": "YAMBA PILOT STATION",
    "state": "NSW",
    "code": "N"
  },
  {
    "stationID": 58077,
    "wmoNumber": 95571,
    "name": "GRAFTON RESEARCH STN",
    "state": "NSW",
    "code": "N"
  },
  {
    "stationID": 58161,
    "wmoNumber": 95570,
    "name": "GRAFTON AIRPORT AWS",
    "state": "NSW",
    "code": "N"
  },
  {
    "stationID": 56243,
    "wmoNumber": 94588,
    "name": "GLEN INNES AIRPORT AWS",
    "state": "NSW",
    "code": "N"
  },
  {
    "stationID": 59040,
    "wmoNumber": 94791,
    "name": "COFFS HARBOUR MO",
    "state": "NSW",
    "code": "N"
  },
  {
    "stationID": 56018,
    "wmoNumber": 94541,
    "name": "INVERELL RESEARCH CENTRE",
    "state": "NSW",
    "code": "N"
  },
  {
    "stationID": 56238,
    "wmoNumber": 95773,
    "name": "ARMIDALE AIRPORT AWS",
    "state": "NSW",
    "code": "N"
  },
  {
    "stationID": 59007,
    "wmoNumber": 94785,
    "name": "KEMPSEY AIRPORT AWS",
    "state": "NSW",
    "code": "N"
  },
  {
    "stationID": 53115,
    "wmoNumber": 95527,
    "name": "MOREE AERO",
    "state": "NSW",
    "code": "N"
  },
  {
    "stationID": 60139,
    "wmoNumber": 94786,
    "name": "PORT MACQUARIE AIRPORT AWS",
    "state": "NSW",
    "code": "N"
  },
  {
    "stationID": 55325,
    "wmoNumber": 95762,
    "name": "TAMWORTH AIRPORT AWS",
    "state": "NSW",
    "code": "N"
  },
  {
    "stationID": 54038,
    "wmoNumber": 95734,
    "name": "NARRABRI AIRPORT AWS",
    "state": "NSW",
    "code": "N"
  },
  {
    "stationID": 60141,
    "wmoNumber": 95784,
    "name": "TAREE AIRPORT AWS",
    "state": "NSW",
    "code": "N"
  },
  {
    "stationID": 55202,
    "wmoNumber": 95740,
    "name": "GUNNEDAH AIRPORT AWS",
    "state": "NSW",
    "code": "N"
  },
  {
    "stationID": 61392,
    "wmoNumber": 95747,
    "name": "MURRURUNDI GAP AWS",
    "state": "NSW",
    "code": "N"
  },
  {
    "stationID": 61363,
    "wmoNumber": 95758,
    "name": "SCONE AIRPORT AWS",
    "state": "NSW",
    "code": "N"
  },
  {
    "stationID": 64017,
    "wmoNumber": 95728,
    "name": "COONABARABRAN AIRPORT AWS",
    "state": "NSW",
    "code": "N"
  },
  {
    "stationID": 61250,
    "wmoNumber": 94775,
    "name": "TOCAL AWS",
    "state": "NSW",
    "code": "N"
  },
  {
    "stationID": 52088,
    "wmoNumber": 95715,
    "name": "WALGETT AIRPORT AWS",
    "state": "NSW",
    "code": "N"
  },
  {
    "stationID": 61078,
    "wmoNumber": 94776,
    "name": "WILLIAMTOWN RAAF",
    "state": "NSW",
    "code": "N"
  },
  {
    "stationID": 61287,
    "wmoNumber": 95754,
    "name": "MERRIWA (ROSCOMMON)",
    "state": "NSW",
    "code": "N"
  },
  {
    "stationID": 61260,
    "wmoNumber": 95771,
    "name": "CESSNOCK AIRPORT AWS",
    "state": "NSW",
    "code": "N"
  },
  {
    "stationID": 61055,
    "wmoNumber": 94774,
    "name": "NEWCASTLE NOBBYS SIGNAL STATION AWS",
    "state": "NSW",
    "code": "N"
  },
  {
    "stationID": 51161,
    "wmoNumber": 95718,
    "name": "COONAMBLE AIRPORT AWS",
    "state": "NSW",
    "code": "N"
  },
  {
    "stationID": 61412,
    "wmoNumber": 95767,
    "name": "LAKE MACQUARIE AWS",
    "state": "NSW",
    "code": "N"
  },
  {
    "stationID": 62100,
    "wmoNumber": 94754,
    "name": "NULLO MOUNTAIN AWS",
    "state": "NSW",
    "code": "N"
  },
  {
    "stationID": 61366,
    "wmoNumber": 95770,
    "name": "NORAH HEAD AWS",
    "state": "NSW",
    "code": "N"
  },
  {
    "stationID": 62101,
    "wmoNumber": 94727,
    "name": "MUDGEE AIRPORT AWS",
    "state": "NSW",
    "code": "N"
  },
  {
    "stationID": 61375,
    "wmoNumber": 95774,
    "name": "MANGROVE MOUNTAIN AWS",
    "state": "NSW",
    "code": "N"
  },
  {
    "stationID": 61087,
    "wmoNumber": 94777,
    "name": "GOSFORD (NARARA RESEARCH STATION) AWS",
    "state": "NSW",
    "code": "N"
  },
  {
    "stationID": 65070,
    "wmoNumber": 95719,
    "name": "DUBBO AIRPORT AWS",
    "state": "NSW",
    "code": "N"
  },
  {
    "stationID": 66059,
    "wmoNumber": 94759,
    "name": "TERREY HILLS AWS",
    "state": "NSW",
    "code": "N"
  },
  {
    "stationID": 67105,
    "wmoNumber": 95753,
    "name": "RICHMOND RAAF",
    "state": "NSW",
    "code": "N"
  },
  {
    "stationID": 200715,
    "wmoNumber": 95995,
    "name": "LORD HOWE ISLAND WINDY POINT",
    "state": "NSW",
    "code": "N"
  },
  {
    "stationID": 200839,
    "wmoNumber": 94995,
    "name": "LORD HOWE ISLAND AERO",
    "state": "NSW",
    "code": "N"
  },
  {
    "stationID": 66197,
    "wmoNumber": 95768,
    "name": "NORTH HEAD",
    "state": "NSW",
    "code": "N"
  },
  {
    "stationID": 66196,
    "wmoNumber": 95766,
    "name": "WEDDING CAKE WEST",
    "state": "NSW",
    "code": "N"
  },
  {
    "stationID": 51049,
    "wmoNumber": 95710,
    "name": "TRANGIE RESEARCH STATION AWS",
    "state": "NSW",
    "code": "N"
  },
  {
    "stationID": 66022,
    "wmoNumber": 94769,
    "name": "FORT DENISON",
    "state": "NSW",
    "code": "N"
  },
  {
    "stationID": 66062,
    "wmoNumber": 94768,
    "name": "SYDNEY (OBSERVATORY HILL)",
    "state": "NSW",
    "code": "N"
  },
  {
    "stationID": 66212,
    "wmoNumber": 95765,
    "name": "SYDNEY OLYMPIC PARK AWS (ARCHERY CENTRE)",
    "state": "NSW",
    "code": "N"
  },
  {
    "stationID": 67113,
    "wmoNumber": 94763,
    "name": "PENRITH LAKES AWS",
    "state": "NSW",
    "code": "N"
  },
  {
    "stationID": 63292,
    "wmoNumber": 94743,
    "name": "MOUNT BOYCE AWS",
    "state": "NSW",
    "code": "N"
  },
  {
    "stationID": 66194,
    "wmoNumber": 94766,
    "name": "CANTERBURY RACECOURSE AWS",
    "state": "NSW",
    "code": "N"
  },
  {
    "stationID": 67119,
    "wmoNumber": 94760,
    "name": "HORSLEY PARK EQUESTRIAN CENTRE AWS",
    "state": "NSW",
    "code": "N"
  },
  {
    "stationID": 66037,
    "wmoNumber": 94767,
    "name": "SYDNEY AIRPORT AMO",
    "state": "NSW",
    "code": "N"
  },
  {
    "stationID": 66051,
    "wmoNumber": 94780,
    "name": "LITTLE BAY (THE COAST GOLF CLUB)",
    "state": "NSW",
    "code": "N"
  },
  {
    "stationID": 66137,
    "wmoNumber": 94765,
    "name": "BANKSTOWN AIRPORT AWS",
    "state": "NSW",
    "code": "N"
  },
  {
    "stationID": 66100,
    "wmoNumber": 99766,
    "name": "MOLINEUX POINT AWS",
    "state": "NSW",
    "code": "N"
  },
  {
    "stationID": 63291,
    "wmoNumber": 94729,
    "name": "BATHURST AIRPORT AWS",
    "state": "NSW",
    "code": "N"
  },
  {
    "stationID": 66043,
    "wmoNumber": 95756,
    "name": "KURNELL AWS",
    "state": "NSW",
    "code": "N"
  },
  {
    "stationID": 67108,
    "wmoNumber": 94752,
    "name": "BADGERYS CREEK AWS",
    "state": "NSW",
    "code": "N"
  },
  {
    "stationID": 67117,
    "wmoNumber": 94762,
    "name": "HOLSWORTHY CONTROL RANGE",
    "state": "NSW",
    "code": "N"
  },
  {
    "stationID": 66023,
    "wmoNumber": 95757,
    "name": "LUCAS HEIGHTS AWS",
    "state": "NSW",
    "code": "N"
  },
  {
    "stationID": 66208,
    "wmoNumber": 95752,
    "name": "WATTAMOLLA AWS",
    "state": "NSW",
    "code": "N"
  },
  {
    "stationID": 68257,
    "wmoNumber": 94757,
    "name": "CAMPBELLTOWN (MOUNT ANNAN)",
    "state": "NSW",
    "code": "N"
  },
  {
    "stationID": 68192,
    "wmoNumber": 94755,
    "name": "CAMDEN AIRPORT AWS",
    "state": "NSW",
    "code": "N"
  },
  {
    "stationID": 63303,
    "wmoNumber": 95726,
    "name": "ORANGE AIRPORT AWS",
    "state": "NSW",
    "code": "N"
  },
  {
    "stationID": 68228,
    "wmoNumber": 94749,
    "name": "BELLAMBI AWS",
    "state": "NSW",
    "code": "N"
  },
  {
    "stationID": 48245,
    "wmoNumber": 94703,
    "name": "BOURKE AIRPORT AWS",
    "state": "NSW",
    "code": "N"
  },
  {
    "stationID": 65068,
    "wmoNumber": 95717,
    "name": "PARKES AIRPORT AWS",
    "state": "NSW",
    "code": "N"
  },
  {
    "stationID": 68241,
    "wmoNumber": 95748,
    "name": "WOLLONGONG AIRPORT",
    "state": "NSW",
    "code": "N"
  },
  {
    "stationID": 68242,
    "wmoNumber": 95749,
    "name": "KIAMA (BOMBO HEADLAND)",
    "state": "NSW",
    "code": "N"
  },
  {
    "stationID": 68239,
    "wmoNumber": 94746,
    "name": "MOSS VALE AWS",
    "state": "NSW",
    "code": "N"
  },
  {
    "stationID": 65111,
    "wmoNumber": 95721,
    "name": "COWRA AIRPORT AWS",
    "state": "NSW",
    "code": "N"
  },
  {
    "stationID": 65103,
    "wmoNumber": 94715,
    "name": "FORBES AIRPORT AWS",
    "state": "NSW",
    "code": "N"
  },
  {
    "stationID": 50137,
    "wmoNumber": 95708,
    "name": "CONDOBOLIN AIRPORT AWS",
    "state": "NSW",
    "code": "N"
  },
  {
    "stationID": 68072,
    "wmoNumber": 94750,
    "name": "NOWRA RAN AIR STATION AWS",
    "state": "NSW",
    "code": "N"
  },
  {
    "stationID": 48027,
    "wmoNumber": 94711,
    "name": "COBAR MO",
    "state": "NSW",
    "code": "N"
  },
  {
    "stationID": 48237,
    "wmoNumber": 94710,
    "name": "COBAR AIRPORT AWS",
    "state": "NSW",
    "code": "N"
  },
  {
    "stationID": 68151,
    "wmoNumber": 95940,
    "name": "POINT PERPENDICULAR AWS",
    "state": "NSW",
    "code": "N"
  },
  {
    "stationID": 70330,
    "wmoNumber": 95716,
    "name": "GOULBURN AIRPORT AWS",
    "state": "NSW",
    "code": "N"
  },
  {
    "stationID": 73138,
    "wmoNumber": 94712,
    "name": "YOUNG AIRPORT",
    "state": "NSW",
    "code": "N"
  },
  {
    "stationID": 69138,
    "wmoNumber": 94938,
    "name": "ULLADULLA AWS",
    "state": "NSW",
    "code": "N"
  },
  {
    "stationID": 50017,
    "wmoNumber": 95709,
    "name": "WEST WYALONG AIRPORT AWS",
    "state": "NSW",
    "code": "N"
  },
  {
    "stationID": 69132,
    "wmoNumber": 94927,
    "name": "BRAIDWOOD RACECOURSE AWS",
    "state": "NSW",
    "code": "N"
  },
  {
    "stationID": 70351,
    "wmoNumber": 94926,
    "name": "CANBERRA AIRPORT",
    "state": "NSW",
    "code": "N"
  },
  {
    "stationID": 73151,
    "wmoNumber": 95722,
    "name": "TEMORA AIRPORT",
    "state": "NSW",
    "code": "N"
  },
  {
    "stationID": 70339,
    "wmoNumber": 94925,
    "name": "TUGGERANONG (ISABELLA PLAINS) AWS",
    "state": "NSW",
    "code": "N"
  },
  {
    "stationID": 69148,
    "wmoNumber": 95937,
    "name": "MORUYA AIRPORT AWS",
    "state": "NSW",
    "code": "N"
  },
  {
    "stationID": 70349,
    "wmoNumber": 95925,
    "name": "MOUNT GININI AWS",
    "state": "NSW",
    "code": "N"
  },
  {
    "stationID": 69017,
    "wmoNumber": 94939,
    "name": "MONTAGUE ISLAND LIGHTHOUSE",
    "state": "NSW",
    "code": "N"
  },
  {
    "stationID": 72150,
    "wmoNumber": 94910,
    "name": "WAGGA WAGGA AMO",
    "state": "NSW",
    "code": "N"
  },
  {
    "stationID": 75041,
    "wmoNumber": 95704,
    "name": "GRIFFITH AIRPORT AWS",
    "state": "NSW",
    "code": "N"
  },
  {
    "stationID": 75041,
    "wmoNumber": 95704,
    "name": "GRIFFITH AIRPORT AWS",
    "state": "NSW",
    "code": "N"
  },
  {
    "stationID": 74037,
    "wmoNumber": 95705,
    "name": "YANCO AGRICULTURAL INSTITUTE",
    "state": "NSW",
    "code": "N"
  },
  {
    "stationID": 74148,
    "wmoNumber": 95706,
    "name": "NARRANDERA AIRPORT",
    "state": "NSW",
    "code": "N"
  },
  {
    "stationID": 72161,
    "wmoNumber": 95916,
    "name": "CABRAMURRA SMHEA AWS",
    "state": "NSW",
    "code": "N"
  },
  {
    "stationID": 70217,
    "wmoNumber": 94921,
    "name": "COOMA AIRPORT AWS",
    "state": "NSW",
    "code": "N"
  },
  {
    "stationID": 49000,
    "wmoNumber": 95697,
    "name": "IVANHOE AERODROME AWS",
    "state": "NSW",
    "code": "N"
  },
  {
    "stationID": 69139,
    "wmoNumber": 95931,
    "name": "BEGA AWS",
    "state": "NSW",
    "code": "N"
  },
  {
    "stationID": 46012,
    "wmoNumber": 95695,
    "name": "WILCANNIA AERODROME AWS",
    "state": "NSW",
    "code": "N"
  },
  {
    "stationID": 72162,
    "wmoNumber": 94919,
    "name": "KHANCOBAN AWS",
    "state": "NSW",
    "code": "N"
  },
  {
    "stationID": 46129,
    "wmoNumber": 95699,
    "name": "WHITE CLIFFS AWS",
    "state": "NSW",
    "code": "N"
  },
  {
    "stationID": 69147,
    "wmoNumber": 95929,
    "name": "MERIMBULA AIRPORT AWS",
    "state": "NSW",
    "code": "N"
  },
  {
    "stationID": 71075,
    "wmoNumber": 94915,
    "name": "PERISHER VALLEY AWS",
    "state": "NSW",
    "code": "N"
  },
  {
    "stationID": 71032,
    "wmoNumber": 95909,
    "name": "THREDBO AWS",
    "state": "NSW",
    "code": "N"
  },
  {
    "stationID": 70328,
    "wmoNumber": 94929,
    "name": "BOMBALA AWS",
    "state": "NSW",
    "code": "N"
  },
  {
    "stationID": 69137,
    "wmoNumber": 94934,
    "name": "GREEN CAPE AWS",
    "state": "NSW",
    "code": "N"
  },
  {
    "stationID": 72160,
    "wmoNumber": 95896,
    "name": "ALBURY AIRPORT AWS",
    "state": "NSW",
    "code": "N"
  },
  {
    "stationID": 75019,
    "wmoNumber": 94702,
    "name": "HAY AIRPORT AWS",
    "state": "NSW",
    "code": "N"
  },
  {
    "stationID": 46126,
    "wmoNumber": 95485,
    "name": "TIBOOBURRA AIRPORT",
    "state": "NSW",
    "code": "N"
  },
  {
    "stationID": 74258,
    "wmoNumber": 95869,
    "name": "DENILIQUIN AIRPORT AWS",
    "state": "NSW",
    "code": "N"
  },
  {
    "stationID": 46128,
    "wmoNumber": 94686,
    "name": "FOWLERS GAP AWS",
    "state": "NSW",
    "code": "N"
  },
  {
    "stationID": 47048,
    "wmoNumber": 94691,
    "name": "BROKEN HILL AIRPORT AWS",
    "state": "NSW",
    "code": "N"
  },
  {
    "stationID": 200288,
    "wmoNumber": 94996,
    "name": "NORFOLK ISLAND AERO",
    "state": "NSW",
    "code": "N"
  },
  {
    "stationID": 15602,
    "wmoNumber": 94327,
    "name": "JERVOIS",
    "state": "NT",
    "code": "D"
  },
  {
    "stationID": 15590,
    "wmoNumber": 94326,
    "name": "ALICE SPRINGS AIRPORT",
    "state": "NT",
    "code": "D"
  },
  {
    "stationID": 15643,
    "wmoNumber": 94328,
    "name": "TERRITORY GRAPE FARM",
    "state": "NT",
    "code": "D"
  },
  {
    "stationID": 15135,
    "wmoNumber": 94238,
    "name": "TENNANT CREEK AIRPORT",
    "state": "NT",
    "code": "D"
  },
  {
    "stationID": 14703,
    "wmoNumber": 94248,
    "name": "CENTRE ISLAND",
    "state": "NT",
    "code": "D"
  },
  {
    "stationID": 14704,
    "wmoNumber": 94239,
    "name": "MCARTHUR RIVER MINE",
    "state": "NT",
    "code": "D"
  },
  {
    "stationID": 14723,
    "wmoNumber": 94152,
    "name": "BORROLOOLA",
    "state": "NT",
    "code": "D"
  },
  {
    "stationID": 15635,
    "wmoNumber": 94462,
    "name": "YULARA AERO",
    "state": "NT",
    "code": "D"
  },
  {
    "stationID": 200782,
    "wmoNumber": 94151,
    "name": "NORTH EAST ISLAND",
    "state": "NT",
    "code": "D"
  },
  {
    "stationID": 14518,
    "wmoNumber": 94153,
    "name": "GROOTE EYLANDT AIRPORT AWS",
    "state": "NT",
    "code": "D"
  },
  {
    "stationID": 14626,
    "wmoNumber": 94234,
    "name": "DALY WATERS AWS",
    "state": "NT",
    "code": "D"
  },
  {
    "stationID": 14508,
    "wmoNumber": 94150,
    "name": "GOVE AIRPORT",
    "state": "NT",
    "code": "D"
  },
  {
    "stationID": 15664,
    "wmoNumber": 94321,
    "name": "WALUNGURRU",
    "state": "NT",
    "code": "D"
  },
  {
    "stationID": 15666,
    "wmoNumber": 95322,
    "name": "RABBIT FLAT",
    "state": "NT",
    "code": "D"
  },
  {
    "stationID": 14627,
    "wmoNumber": 94143,
    "name": "BULMAN AWS",
    "state": "NT",
    "code": "D"
  },
  {
    "stationID": 14829,
    "wmoNumber": 94231,
    "name": "LAJAMANU",
    "state": "NT",
    "code": "D"
  },
  {
    "stationID": 200786,
    "wmoNumber": 94147,
    "name": "CAPE WESSEL",
    "state": "NT",
    "code": "D"
  },
  {
    "stationID": 14517,
    "wmoNumber": 95146,
    "name": "NGAYAWILI",
    "state": "NT",
    "code": "D"
  },
  {
    "stationID": 14949,
    "wmoNumber": 94225,
    "name": "DELAMERE WEAPONS RANGE",
    "state": "NT",
    "code": "D"
  },
  {
    "stationID": 14404,
    "wmoNumber": 94140,
    "name": "MILINGIMBI AWS",
    "state": "NT",
    "code": "D"
  },
  {
    "stationID": 14825,
    "wmoNumber": 94232,
    "name": "VICTORIA RIVER DOWNS",
    "state": "NT",
    "code": "D"
  },
  {
    "stationID": 14932,
    "wmoNumber": 94131,
    "name": "TINDAL RAAF",
    "state": "NT",
    "code": "D"
  },
  {
    "stationID": 14909,
    "wmoNumber": 94141,
    "name": "CENTRAL ARNHEM PLATEAU",
    "state": "NT",
    "code": "D"
  },
  {
    "stationID": 14405,
    "wmoNumber": 95142,
    "name": "MANINGRIDA AERO",
    "state": "NT",
    "code": "D"
  },
  {
    "stationID": 14198,
    "wmoNumber": 94137,
    "name": "JABIRU AIRPORT",
    "state": "NT",
    "code": "D"
  },
  {
    "stationID": 14954,
    "wmoNumber": 94130,
    "name": "BRADSHAW",
    "state": "NT",
    "code": "D"
  },
  {
    "stationID": 14401,
    "wmoNumber": 94139,
    "name": "WARRUWI",
    "state": "NT",
    "code": "D"
  },
  {
    "stationID": 14901,
    "wmoNumber": 94128,
    "name": "DOUGLAS RIVER",
    "state": "NT",
    "code": "D"
  },
  {
    "stationID": 14254,
    "wmoNumber": 94127,
    "name": "POINT STUART AWS",
    "state": "NT",
    "code": "D"
  },
  {
    "stationID": 14274,
    "wmoNumber": 94135,
    "name": "MCCLUER ISLAND",
    "state": "NT",
    "code": "D"
  },
  {
    "stationID": 14272,
    "wmoNumber": 94125,
    "name": "BATCHELOR AERO",
    "state": "NT",
    "code": "D"
  },
  {
    "stationID": 14041,
    "wmoNumber": 95121,
    "name": "MIDDLE POINT AWS",
    "state": "NT",
    "code": "D"
  },
  {
    "stationID": 14046,
    "wmoNumber": 99504,
    "name": "NOONAMAH AWS",
    "state": "NT",
    "code": "D"
  },
  {
    "stationID": 14948,
    "wmoNumber": 95111,
    "name": "PORT KEATS AERO",
    "state": "NT",
    "code": "D"
  },
  {
    "stationID": 14023,
    "wmoNumber": 99501,
    "name": "GUNN POINT",
    "state": "NT",
    "code": "D"
  },
  {
    "stationID": 14015,
    "wmoNumber": 94120,
    "name": "DARWIN AIRPORT",
    "state": "NT",
    "code": "D"
  },
  {
    "stationID": 14245,
    "wmoNumber": 94129,
    "name": "CAPE DON",
    "state": "NT",
    "code": "D"
  },
  {
    "stationID": 14031,
    "wmoNumber": 99510,
    "name": "CHARLES POINT AWS",
    "state": "NT",
    "code": "D"
  },
  {
    "stationID": 14277,
    "wmoNumber": 94116,
    "name": "DUM IN MIRRIE AWS",
    "state": "NT",
    "code": "D"
  },
  {
    "stationID": 14056,
    "wmoNumber": 94114,
    "name": "FISH REEF MARINE AWS",
    "state": "NT",
    "code": "D"
  },
  {
    "stationID": 200852,
    "wmoNumber": 92044,
    "name": "MANUS ARCS-1",
    "state": "NT",
    "code": "D"
  },
  {
    "stationID": 14142,
    "wmoNumber": 94119,
    "name": "PIRLANGIMPI",
    "state": "NT",
    "code": "D"
  },
  {
    "stationID": 200731,
    "wmoNumber": 94122,
    "name": "POINT FAWCETT",
    "state": "NT",
    "code": "D"
  },
  {
    "stationID": 1020,
    "wmoNumber": 95101,
    "name": "TRUSCOTT",
    "state": "NT",
    "code": "D"
  },
  {
    "stationID": 1007,
    "wmoNumber": 94102,
    "name": "TROUGHTON ISLAND",
    "state": "NT",
    "code": "D"
  },
  {
    "stationID": 200851,
    "wmoNumber": 91532,
    "name": "NAURU ARCS-2",
    "state": "NT",
    "code": "D"
  },
  {
    "stationID": 200212,
    "wmoNumber": 95100,
    "name": "NORTHERN ENDEAVOUR",
    "state": "NT",
    "code": "D"
  },
  {
    "stationID": 200872,
    "wmoNumber": 97390,
    "name": "COMORO AIRPORT",
    "state": "NT",
    "code": "D"
  },
  {
    "stationID": 40764,
    "wmoNumber": 94580,
    "name": "GOLD COAST SEAWAY",
    "state": "QLD",
    "code": "Q"
  },
  {
    "stationID": 40717,
    "wmoNumber": 94592,
    "name": "COOLANGATTA",
    "state": "QLD",
    "code": "Q"
  },
  {
    "stationID": 40983,
    "wmoNumber": 95575,
    "name": "BEAUDESERT DRUMLEY STREET",
    "state": "QLD",
    "code": "Q"
  },
  {
    "stationID": 40925,
    "wmoNumber": 94591,
    "name": "BANANA BANK NORTH BEACON",
    "state": "QLD",
    "code": "Q"
  },
  {
    "stationID": 40211,
    "wmoNumber": 94575,
    "name": "ARCHERFIELD AIRPORT",
    "state": "QLD",
    "code": "Q"
  },
  {
    "stationID": 40913,
    "wmoNumber": 94576,
    "name": "BRISBANE",
    "state": "QLD",
    "code": "Q"
  },
  {
    "stationID": 40842,
    "wmoNumber": 94578,
    "name": "BRISBANE AERO",
    "state": "QLD",
    "code": "Q"
  },
  {
    "stationID": 40004,
    "wmoNumber": 94568,
    "name": "AMBERLEY AMO",
    "state": "QLD",
    "code": "Q"
  },
  {
    "stationID": 40926,
    "wmoNumber": 94590,
    "name": "INNER RECIPROCAL MARKER",
    "state": "QLD",
    "code": "Q"
  },
  {
    "stationID": 40959,
    "wmoNumber": 95592,
    "name": "REDCLIFFE JETTY",
    "state": "QLD",
    "code": "Q"
  },
  {
    "stationID": 40958,
    "wmoNumber": 95591,
    "name": "REDCLIFFE",
    "state": "QLD",
    "code": "Q"
  },
  {
    "stationID": 40927,
    "wmoNumber": 94581,
    "name": "SPITFIRE CHANNEL BEACON",
    "state": "QLD",
    "code": "Q"
  },
  {
    "stationID": 40043,
    "wmoNumber": 94594,
    "name": "CAPE MORETON LIGHTHOUSE",
    "state": "QLD",
    "code": "Q"
  },
  {
    "stationID": 40082,
    "wmoNumber": 94562,
    "name": "UNIVERSITY OF QUEENSLAND GATTON",
    "state": "QLD",
    "code": "Q"
  },
  {
    "stationID": 40284,
    "wmoNumber": 95566,
    "name": "BEERBURRUM FOREST STATION",
    "state": "QLD",
    "code": "Q"
  },
  {
    "stationID": 41525,
    "wmoNumber": 94555,
    "name": "WARWICK",
    "state": "QLD",
    "code": "Q"
  },
  {
    "stationID": 40988,
    "wmoNumber": 95572,
    "name": "NAMBOUR DPI - HILLSIDE",
    "state": "QLD",
    "code": "Q"
  },
  {
    "stationID": 41529,
    "wmoNumber": 95551,
    "name": "TOOWOOMBA AIRPORT",
    "state": "QLD",
    "code": "Q"
  },
  {
    "stationID": 40861,
    "wmoNumber": 94569,
    "name": "SUNSHINE COAST AIRPORT",
    "state": "QLD",
    "code": "Q"
  },
  {
    "stationID": 41175,
    "wmoNumber": 94553,
    "name": "APPLETHORPE",
    "state": "QLD",
    "code": "Q"
  },
  {
    "stationID": 40651,
    "wmoNumber": 94557,
    "name": "JIMNA FORESTRY",
    "state": "QLD",
    "code": "Q"
  },
  {
    "stationID": 41359,
    "wmoNumber": 94552,
    "name": "OAKEY AERO",
    "state": "QLD",
    "code": "Q"
  },
  {
    "stationID": 40908,
    "wmoNumber": 94570,
    "name": "TEWANTIN RSL PARK",
    "state": "QLD",
    "code": "Q"
  },
  {
    "stationID": 40093,
    "wmoNumber": 94566,
    "name": "GYMPIE",
    "state": "QLD",
    "code": "Q"
  },
  {
    "stationID": 40922,
    "wmoNumber": 94549,
    "name": "KINGAROY AIRPORT",
    "state": "QLD",
    "code": "Q"
  },
  {
    "stationID": 40068,
    "wmoNumber": 94584,
    "name": "DOUBLE ISLAND POINT LIGHTHOUSE",
    "state": "QLD",
    "code": "Q"
  },
  {
    "stationID": 40555,
    "wmoNumber": 94558,
    "name": "TOOLARA (KELLY)",
    "state": "QLD",
    "code": "Q"
  },
  {
    "stationID": 41522,
    "wmoNumber": 94542,
    "name": "DALBY AIRPORT",
    "state": "QLD",
    "code": "Q"
  },
  {
    "stationID": 41097,
    "wmoNumber": 95573,
    "name": "INGLEWOOD FOREST",
    "state": "QLD",
    "code": "Q"
  },
  {
    "stationID": 40126,
    "wmoNumber": 94567,
    "name": "MARYBOROUGH",
    "state": "QLD",
    "code": "Q"
  },
  {
    "stationID": 40405,
    "wmoNumber": 95565,
    "name": "HERVEY BAY AIRPORT",
    "state": "QLD",
    "code": "Q"
  },
  {
    "stationID": 39066,
    "wmoNumber": 95543,
    "name": "GAYNDAH AIRPORT",
    "state": "QLD",
    "code": "Q"
  },
  {
    "stationID": 42112,
    "wmoNumber": 95529,
    "name": "MILES CONSTANCE STREET",
    "state": "QLD",
    "code": "Q"
  },
  {
    "stationID": 39128,
    "wmoNumber": 94387,
    "name": "BUNDABERG AERO",
    "state": "QLD",
    "code": "Q"
  },
  {
    "stationID": 39059,
    "wmoNumber": 94388,
    "name": "LADY ELLIOT ISLAND",
    "state": "QLD",
    "code": "Q"
  },
  {
    "stationID": 43109,
    "wmoNumber": 94517,
    "name": "ST GEORGE AIRPORT",
    "state": "QLD",
    "code": "Q"
  },
  {
    "stationID": 39089,
    "wmoNumber": 94376,
    "name": "THANGOOL AIRPORT",
    "state": "QLD",
    "code": "Q"
  },
  {
    "stationID": 43091,
    "wmoNumber": 94515,
    "name": "ROMA AIRPORT",
    "state": "QLD",
    "code": "Q"
  },
  {
    "stationID": 39123,
    "wmoNumber": 94380,
    "name": "GLADSTONE RADAR",
    "state": "QLD",
    "code": "Q"
  },
  {
    "stationID": 39326,
    "wmoNumber": 94381,
    "name": "GLADSTONE AIRPORT",
    "state": "QLD",
    "code": "Q"
  },
  {
    "stationID": 39122,
    "wmoNumber": 94386,
    "name": "HERON ISLAND RES STN",
    "state": "QLD",
    "code": "Q"
  },
  {
    "stationID": 39322,
    "wmoNumber": 94378,
    "name": "RUNDLE ISLAND",
    "state": "QLD",
    "code": "Q"
  },
  {
    "stationID": 200601,
    "wmoNumber": 94394,
    "name": "CATO ISLAND",
    "state": "QLD",
    "code": "Q"
  },
  {
    "stationID": 39083,
    "wmoNumber": 94374,
    "name": "ROCKHAMPTON AERO",
    "state": "QLD",
    "code": "Q"
  },
  {
    "stationID": 33294,
    "wmoNumber": 94373,
    "name": "YEPPOON THE ESPLANADE",
    "state": "QLD",
    "code": "Q"
  },
  {
    "stationID": 35129,
    "wmoNumber": 94396,
    "name": "ROLLESTON AIRPORT",
    "state": "QLD",
    "code": "Q"
  },
  {
    "stationID": 33308,
    "wmoNumber": 94370,
    "name": "SAMUEL HILL AERO",
    "state": "QLD",
    "code": "Q"
  },
  {
    "stationID": 200831,
    "wmoNumber": 94379,
    "name": "GANNET CAY",
    "state": "QLD",
    "code": "Q"
  },
  {
    "stationID": 33195,
    "wmoNumber": 95370,
    "name": "WILLIAMSON",
    "state": "QLD",
    "code": "Q"
  },
  {
    "stationID": 35264,
    "wmoNumber": 94363,
    "name": "EMERALD AIRPORT",
    "state": "QLD",
    "code": "Q"
  },
  {
    "stationID": 44021,
    "wmoNumber": 94510,
    "name": "CHARLEVILLE AERO",
    "state": "QLD",
    "code": "Q"
  },
  {
    "stationID": 33210,
    "wmoNumber": 95369,
    "name": "ST LAWRENCE",
    "state": "QLD",
    "code": "Q"
  },
  {
    "stationID": 35139,
    "wmoNumber": 94399,
    "name": "LOCHINGTON",
    "state": "QLD",
    "code": "Q"
  },
  {
    "stationID": 200001,
    "wmoNumber": 94372,
    "name": "MIDDLE PERCY ISLAND",
    "state": "QLD",
    "code": "Q"
  },
  {
    "stationID": 200701,
    "wmoNumber": 94393,
    "name": "FREDERICK REEF",
    "state": "QLD",
    "code": "Q"
  },
  {
    "stationID": 35124,
    "wmoNumber": 94395,
    "name": "CLERMONT AIRPORT",
    "state": "QLD",
    "code": "Q"
  },
  {
    "stationID": 34035,
    "wmoNumber": 94397,
    "name": "MORANBAH AIRPORT",
    "state": "QLD",
    "code": "Q"
  },
  {
    "stationID": 33317,
    "wmoNumber": 99367,
    "name": "HAY POINT",
    "state": "QLD",
    "code": "Q"
  },
  {
    "stationID": 33045,
    "wmoNumber": 95367,
    "name": "MACKAY AERO",
    "state": "QLD",
    "code": "Q"
  },
  {
    "stationID": 33119,
    "wmoNumber": 94367,
    "name": "MACKAY M.O",
    "state": "QLD",
    "code": "Q"
  },
  {
    "stationID": 200736,
    "wmoNumber": 94371,
    "name": "CREAL REEF",
    "state": "QLD",
    "code": "Q"
  },
  {
    "stationID": 36034,
    "wmoNumber": 95351,
    "name": "BLACKALL AIRPORT",
    "state": "QLD",
    "code": "Q"
  },
  {
    "stationID": 45025,
    "wmoNumber": 95492,
    "name": "THARGOMINDAH AIRPORT",
    "state": "QLD",
    "code": "Q"
  },
  {
    "stationID": 33106,
    "wmoNumber": 94368,
    "name": "HAMILTON ISLAND AIRPORT",
    "state": "QLD",
    "code": "Q"
  },
  {
    "stationID": 33247,
    "wmoNumber": 94365,
    "name": "PROSERPINE AIRPORT",
    "state": "QLD",
    "code": "Q"
  },
  {
    "stationID": 200704,
    "wmoNumber": 94298,
    "name": "MARION REEF",
    "state": "QLD",
    "code": "Q"
  },
  {
    "stationID": 36031,
    "wmoNumber": 94346,
    "name": "LONGREACH AERO",
    "state": "QLD",
    "code": "Q"
  },
  {
    "stationID": 33002,
    "wmoNumber": 95295,
    "name": "AYR DPI RESEARCH STN",
    "state": "QLD",
    "code": "Q"
  },
  {
    "stationID": 33295,
    "wmoNumber": 95296,
    "name": "ALVA BEACH",
    "state": "QLD",
    "code": "Q"
  },
  {
    "stationID": 45009,
    "wmoNumber": 95487,
    "name": "BALLERA GAS FIELD",
    "state": "QLD",
    "code": "Q"
  },
  {
    "stationID": 33307,
    "wmoNumber": 95293,
    "name": "WOOLSHED",
    "state": "QLD",
    "code": "Q"
  },
  {
    "stationID": 32040,
    "wmoNumber": 94294,
    "name": "TOWNSVILLE AERO",
    "state": "QLD",
    "code": "Q"
  },
  {
    "stationID": 37039,
    "wmoNumber": 94342,
    "name": "WINTON AIRPORT",
    "state": "QLD",
    "code": "Q"
  },
  {
    "stationID": 200727,
    "wmoNumber": 94296,
    "name": "LIHOU REEF",
    "state": "QLD",
    "code": "Q"
  },
  {
    "stationID": 30022,
    "wmoNumber": 94343,
    "name": "HUGHENDEN AIRPORT",
    "state": "QLD",
    "code": "Q"
  },
  {
    "stationID": 200783,
    "wmoNumber": 94290,
    "name": "FLINDERS REEF",
    "state": "QLD",
    "code": "Q"
  },
  {
    "stationID": 30161,
    "wmoNumber": 94341,
    "name": "RICHMOND AIRPORT",
    "state": "QLD",
    "code": "Q"
  },
  {
    "stationID": 200283,
    "wmoNumber": 94299,
    "name": "WILLIS ISLAND",
    "state": "QLD",
    "code": "Q"
  },
  {
    "stationID": 32037,
    "wmoNumber": 95292,
    "name": "SOUTH JOHNSTONE EXP STN",
    "state": "QLD",
    "code": "Q"
  },
  {
    "stationID": 200732,
    "wmoNumber": 94289,
    "name": "HOLMES REEF",
    "state": "QLD",
    "code": "Q"
  },
  {
    "stationID": 38026,
    "wmoNumber": 95482,
    "name": "BIRDSVILLE AIRPORT",
    "state": "QLD",
    "code": "Q"
  },
  {
    "stationID": 37036,
    "wmoNumber": 94338,
    "name": "TREPELL AIRPORT",
    "state": "QLD",
    "code": "Q"
  },
  {
    "stationID": 29058,
    "wmoNumber": 94337,
    "name": "JULIA CREEK AIRPORT",
    "state": "QLD",
    "code": "Q"
  },
  {
    "stationID": 200879,
    "wmoNumber": 94284,
    "name": "ARLINGTON REEF",
    "state": "QLD",
    "code": "Q"
  },
  {
    "stationID": 31210,
    "wmoNumber": 95286,
    "name": "MAREEBA AIRPORT",
    "state": "QLD",
    "code": "Q"
  },
  {
    "stationID": 31011,
    "wmoNumber": 94287,
    "name": "CAIRNS AERO",
    "state": "QLD",
    "code": "Q"
  },
  {
    "stationID": 30124,
    "wmoNumber": 94274,
    "name": "GEORGETOWN AIRPORT",
    "state": "QLD",
    "code": "Q"
  },
  {
    "stationID": 31037,
    "wmoNumber": 94285,
    "name": "LOW ISLES LIGHTHOUSE",
    "state": "QLD",
    "code": "Q"
  },
  {
    "stationID": 37034,
    "wmoNumber": 94336,
    "name": "THE MONUMENT AIRPORT",
    "state": "QLD",
    "code": "Q"
  },
  {
    "stationID": 200840,
    "wmoNumber": 95288,
    "name": "BOUGAINVILLE REEF",
    "state": "QLD",
    "code": "Q"
  },
  {
    "stationID": 29141,
    "wmoNumber": 94335,
    "name": "CLONCURRY AIRPORT",
    "state": "QLD",
    "code": "Q"
  },
  {
    "stationID": 29127,
    "wmoNumber": 94332,
    "name": "MOUNT ISA AERO",
    "state": "QLD",
    "code": "Q"
  },
  {
    "stationID": 31209,
    "wmoNumber": 95283,
    "name": "COOKTOWN AIRPORT",
    "state": "QLD",
    "code": "Q"
  },
  {
    "stationID": 28004,
    "wmoNumber": 94276,
    "name": "PALMERVILLE",
    "state": "QLD",
    "code": "Q"
  },
  {
    "stationID": 31213,
    "wmoNumber": 94188,
    "name": "CAPE FLATTERY",
    "state": "QLD",
    "code": "Q"
  },
  {
    "stationID": 29063,
    "wmoNumber": 94266,
    "name": "NORMANTON AIRPORT",
    "state": "QLD",
    "code": "Q"
  },
  {
    "stationID": 37010,
    "wmoNumber": 94255,
    "name": "CAMOOWEAL TOWNSHIP",
    "state": "QLD",
    "code": "Q"
  },
  {
    "stationID": 29167,
    "wmoNumber": 94261,
    "name": "CENTURY MINE",
    "state": "QLD",
    "code": "Q"
  },
  {
    "stationID": 29077,
    "wmoNumber": 94260,
    "name": "BURKETOWN AIRPORT",
    "state": "QLD",
    "code": "Q"
  },
  {
    "stationID": 29038,
    "wmoNumber": 94268,
    "name": "KOWANYAMA AIRPORT",
    "state": "QLD",
    "code": "Q"
  },
  {
    "stationID": 27073,
    "wmoNumber": 94183,
    "name": "COEN AIRPORT",
    "state": "QLD",
    "code": "Q"
  },
  {
    "stationID": 29039,
    "wmoNumber": 94256,
    "name": "MORNINGTON ISLAND",
    "state": "QLD",
    "code": "Q"
  },
  {
    "stationID": 28008,
    "wmoNumber": 94186,
    "name": "LOCKHART RIVER AIRPORT",
    "state": "QLD",
    "code": "Q"
  },
  {
    "stationID": 27075,
    "wmoNumber": 94171,
    "name": "SCHERGER RAAF",
    "state": "QLD",
    "code": "Q"
  },
  {
    "stationID": 27045,
    "wmoNumber": 94170,
    "name": "WEIPA AERO",
    "state": "QLD",
    "code": "Q"
  },
  {
    "stationID": 27058,
    "wmoNumber": 94174,
    "name": "HORN ISLAND",
    "state": "QLD",
    "code": "Q"
  },
  {
    "stationID": 27054,
    "wmoNumber": 94182,
    "name": "COCONUT ISLAND",
    "state": "QLD",
    "code": "Q"
  },
  {
    "stationID": 33208,
    "wmoNumber": 95298,
    "name": "ROSSLYN BAY NTC AWS",
    "state": "SA",
    "code": "S"
  },
  {
    "stationID": 68253,
    "wmoNumber": 95745,
    "name": "PORT KEMBLA NTC AWS",
    "state": "SA",
    "code": "S"
  },
  {
    "stationID": 32182,
    "wmoNumber": 94297,
    "name": "CAPE FERGUSON NTC AWS",
    "state": "SA",
    "code": "S"
  },
  {
    "stationID": 17123,
    "wmoNumber": 95481,
    "name": "MOOMBA AIRPORT",
    "state": "SA",
    "code": "S"
  },
  {
    "stationID": 24048,
    "wmoNumber": 95687,
    "name": "RENMARK AERO",
    "state": "SA",
    "code": "S"
  },
  {
    "stationID": 24024,
    "wmoNumber": 94682,
    "name": "LOXTON RESEARCH CENTRE",
    "state": "SA",
    "code": "S"
  },
  {
    "stationID": 20062,
    "wmoNumber": 94684,
    "name": "YUNTA AIRSTRIP",
    "state": "SA",
    "code": "S"
  },
  {
    "stationID": 25562,
    "wmoNumber": 94690,
    "name": "AUSTIN PLAINS",
    "state": "SA",
    "code": "S"
  },
  {
    "stationID": 17110,
    "wmoNumber": 94674,
    "name": "LEIGH CREEK AIRPORT",
    "state": "SA",
    "code": "S"
  },
  {
    "stationID": 17126,
    "wmoNumber": 95480,
    "name": "MARREE AERO",
    "state": "SA",
    "code": "S"
  },
  {
    "stationID": 25557,
    "wmoNumber": 95815,
    "name": "MUNKORA",
    "state": "SA",
    "code": "S"
  },
  {
    "stationID": 23373,
    "wmoNumber": 94681,
    "name": "NURIOOTPA VITICULTURAL",
    "state": "SA",
    "code": "S"
  },
  {
    "stationID": 26100,
    "wmoNumber": 95823,
    "name": "PADTHAWAY SOUTH",
    "state": "SA",
    "code": "S"
  },
  {
    "stationID": 21131,
    "wmoNumber": 95667,
    "name": "CLARE HIGH SCHOOL",
    "state": "SA",
    "code": "S"
  },
  {
    "stationID": 26099,
    "wmoNumber": 94820,
    "name": "NARACOORTE AERODROME",
    "state": "SA",
    "code": "S"
  },
  {
    "stationID": 24584,
    "wmoNumber": 95818,
    "name": "PALLAMANA AERODROME",
    "state": "SA",
    "code": "S"
  },
  {
    "stationID": 23878,
    "wmoNumber": 94678,
    "name": "MT CRAWFORD AWS",
    "state": "SA",
    "code": "S"
  },
  {
    "stationID": 26091,
    "wmoNumber": 94817,
    "name": "COONAWARRA",
    "state": "SA",
    "code": "S"
  },
  {
    "stationID": 23122,
    "wmoNumber": 95671,
    "name": "ROSEWORTHY AWS",
    "state": "SA",
    "code": "S"
  },
  {
    "stationID": 21133,
    "wmoNumber": 95670,
    "name": "RAYVILLE PARK",
    "state": "SA",
    "code": "S"
  },
  {
    "stationID": 18201,
    "wmoNumber": 95666,
    "name": "PORT AUGUSTA AERO",
    "state": "SA",
    "code": "S"
  },
  {
    "stationID": 23083,
    "wmoNumber": 95676,
    "name": "EDINBURGH RAAF",
    "state": "SA",
    "code": "S"
  },
  {
    "stationID": 90192,
    "wmoNumber": 95826,
    "name": "PORTLAND NTC AWS",
    "state": "SA",
    "code": "S"
  },
  {
    "stationID": 23013,
    "wmoNumber": 95677,
    "name": "PARAFIELD AIRPORT",
    "state": "SA",
    "code": "S"
  },
  {
    "stationID": 24580,
    "wmoNumber": 94814,
    "name": "STRATHALBYN RACECOURSE",
    "state": "SA",
    "code": "S"
  },
  {
    "stationID": 23842,
    "wmoNumber": 95678,
    "name": "MOUNT LOFTY",
    "state": "SA",
    "code": "S"
  },
  {
    "stationID": 23090,
    "wmoNumber": 94675,
    "name": "KENT TOWN",
    "state": "SA",
    "code": "S"
  },
  {
    "stationID": 23052,
    "wmoNumber": 95675,
    "name": "BLACK POLE",
    "state": "SA",
    "code": "S"
  },
  {
    "stationID": 26021,
    "wmoNumber": 94821,
    "name": "MOUNT GAMBIER AERO",
    "state": "SA",
    "code": "S"
  },
  {
    "stationID": 23123,
    "wmoNumber": 99673,
    "name": "ADELAIDE AIRPORT (ANEMOMETER NORTHEAST)",
    "state": "SA",
    "code": "S"
  },
  {
    "stationID": 23887,
    "wmoNumber": 94683,
    "name": "KUITPO FOREST RESERVE",
    "state": "SA",
    "code": "S"
  },
  {
    "stationID": 23124,
    "wmoNumber": 99674,
    "name": "ADELAIDE AIRPORT (ANEMOMETER NORTHWEST",
    "state": "SA",
    "code": "S"
  },
  {
    "stationID": 23034,
    "wmoNumber": 94672,
    "name": "ADELAIDE AIRPORT",
    "state": "SA",
    "code": "S"
  },
  {
    "stationID": 23109,
    "wmoNumber": 99672,
    "name": "ADELAIDE AIRPORT (ANEMOMETER SOUTH WEST)",
    "state": "SA",
    "code": "S"
  },
  {
    "stationID": 91344,
    "wmoNumber": 95963,
    "name": "BURNIE NTC AWS",
    "state": "SA",
    "code": "S"
  },
  {
    "stationID": 23894,
    "wmoNumber": 94677,
    "name": "HINDMARSH ISLAND AWS",
    "state": "SA",
    "code": "S"
  },
  {
    "stationID": 23885,
    "wmoNumber": 94808,
    "name": "NOARLUNGA",
    "state": "SA",
    "code": "S"
  },
  {
    "stationID": 18120,
    "wmoNumber": 95664,
    "name": "WHYALLA AERO",
    "state": "SA",
    "code": "S"
  },
  {
    "stationID": 16096,
    "wmoNumber": 95658,
    "name": "OLYMPIC DAM AERODROME",
    "state": "SA",
    "code": "S"
  },
  {
    "stationID": 26095,
    "wmoNumber": 94813,
    "name": "THE LIMESTONE",
    "state": "SA",
    "code": "S"
  },
  {
    "stationID": 23886,
    "wmoNumber": 95679,
    "name": "MOUNT TERRIBLE RADAR",
    "state": "SA",
    "code": "S"
  },
  {
    "stationID": 26105,
    "wmoNumber": 95816,
    "name": "ROBE AIRFIELD",
    "state": "SA",
    "code": "S"
  },
  {
    "stationID": 22050,
    "wmoNumber": 94685,
    "name": "KADINA AWS",
    "state": "SA",
    "code": "S"
  },
  {
    "stationID": 16001,
    "wmoNumber": 94659,
    "name": "WOOMERA AERODROME",
    "state": "SA",
    "code": "S"
  },
  {
    "stationID": 22053,
    "wmoNumber": 94666,
    "name": "WARBURTO POINT",
    "state": "SA",
    "code": "S"
  },
  {
    "stationID": 23875,
    "wmoNumber": 94811,
    "name": "SECOND VALLEY FOREST AWS",
    "state": "SA",
    "code": "S"
  },
  {
    "stationID": 22046,
    "wmoNumber": 94809,
    "name": "EDITHBURGH",
    "state": "SA",
    "code": "S"
  },
  {
    "stationID": 22031,
    "wmoNumber": 95659,
    "name": "MINLATON AERO",
    "state": "SA",
    "code": "S"
  },
  {
    "stationID": 22803,
    "wmoNumber": 94822,
    "name": "CAPE WILLOUGHBY",
    "state": "SA",
    "code": "S"
  },
  {
    "stationID": 92133,
    "wmoNumber": 95987,
    "name": "SPRING BAY NTC AWS",
    "state": "SA",
    "code": "S"
  },
  {
    "stationID": 22841,
    "wmoNumber": 95807,
    "name": "KINGSCOTE AERO",
    "state": "SA",
    "code": "S"
  },
  {
    "stationID": 18116,
    "wmoNumber": 94662,
    "name": "CLEVE AERODROME",
    "state": "SA",
    "code": "S"
  },
  {
    "stationID": 22843,
    "wmoNumber": 94807,
    "name": "PARNDANA CFS AWS",
    "state": "SA",
    "code": "S"
  },
  {
    "stationID": 22049,
    "wmoNumber": 95806,
    "name": "STENHOUSE BAY",
    "state": "SA",
    "code": "S"
  },
  {
    "stationID": 17043,
    "wmoNumber": 94476,
    "name": "OODNADATTA AIRPORT",
    "state": "SA",
    "code": "S"
  },
  {
    "stationID": 22823,
    "wmoNumber": 95805,
    "name": "CAPE BORDA",
    "state": "SA",
    "code": "S"
  },
  {
    "stationID": 18083,
    "wmoNumber": 95654,
    "name": "WUDINNA AERO",
    "state": "SA",
    "code": "S"
  },
  {
    "stationID": 18192,
    "wmoNumber": 95661,
    "name": "PORT LINCOLN AWS",
    "state": "SA",
    "code": "S"
  },
  {
    "stationID": 18217,
    "wmoNumber": 95663,
    "name": "CUMMINS AERO",
    "state": "SA",
    "code": "S"
  },
  {
    "stationID": 16090,
    "wmoNumber": 95458,
    "name": "COOBER PEDY AIRPORT",
    "state": "SA",
    "code": "S"
  },
  {
    "stationID": 18115,
    "wmoNumber": 94804,
    "name": "NEPTUNE ISLAND",
    "state": "SA",
    "code": "S"
  },
  {
    "stationID": 18195,
    "wmoNumber": 95662,
    "name": "MINNIPA PIRSA",
    "state": "SA",
    "code": "S"
  },
  {
    "stationID": 16098,
    "wmoNumber": 94655,
    "name": "TARCOOLA AERO",
    "state": "SA",
    "code": "S"
  },
  {
    "stationID": 18191,
    "wmoNumber": 94658,
    "name": "COLES POINT",
    "state": "SA",
    "code": "S"
  },
  {
    "stationID": 200857,
    "wmoNumber": 91559,
    "name": "VANUATU NTC AWS",
    "state": "SA",
    "code": "S"
  },
  {
    "stationID": 18012,
    "wmoNumber": 94653,
    "name": "CEDUNA AMO",
    "state": "SA",
    "code": "S"
  },
  {
    "stationID": 18207,
    "wmoNumber": 95652,
    "name": "THEVENARD NTC AWS",
    "state": "SA",
    "code": "S"
  },
  {
    "stationID": 18200,
    "wmoNumber": 95653,
    "name": "THEVENARD WIND",
    "state": "SA",
    "code": "S"
  },
  {
    "stationID": 16097,
    "wmoNumber": 94474,
    "name": "PUKATJA",
    "state": "SA",
    "code": "S"
  },
  {
    "stationID": 200859,
    "wmoNumber": 91519,
    "name": "SOLOMON IS. NTC AWS",
    "state": "SA",
    "code": "S"
  },
  {
    "stationID": 18106,
    "wmoNumber": 94651,
    "name": "NULLARBOR",
    "state": "SA",
    "code": "S"
  },
  {
    "stationID": 200866,
    "wmoNumber": 93713,
    "name": "JACKSON BAY NTC AWS",
    "state": "SA",
    "code": "S"
  },
  {
    "stationID": 14406,
    "wmoNumber": 94154,
    "name": "GROOTE EYLANDT NTC AWS",
    "state": "SA",
    "code": "S"
  },
  {
    "stationID": 13017,
    "wmoNumber": 94461,
    "name": "GILES METEOROLOGICAL OFFICE",
    "state": "SA",
    "code": "S"
  },
  {
    "stationID": 200856,
    "wmoNumber": 91679,
    "name": "LAUTOKA NTC AWS",
    "state": "SA",
    "code": "S"
  },
  {
    "stationID": 200863,
    "wmoNumber": 91689,
    "name": "SUVA NTC AWS",
    "state": "SA",
    "code": "S"
  },
  {
    "stationID": 14072,
    "wmoNumber": 95122,
    "name": "DARWIN NTC AWS",
    "state": "SA",
    "code": "S"
  },
  {
    "stationID": 200862,
    "wmoNumber": 92036,
    "name": "PNG NTC AWS",
    "state": "SA",
    "code": "S"
  },
  {
    "stationID": 109504,
    "wmoNumber": 95648,
    "name": "ESPERANCE NTC AWS",
    "state": "SA",
    "code": "S"
  },
  {
    "stationID": 200861,
    "wmoNumber": 91789,
    "name": "TONGA NTC AWS",
    "state": "SA",
    "code": "S"
  },
  {
    "stationID": 3102,
    "wmoNumber": 95202,
    "name": "BROOME NTC AWS",
    "state": "SA",
    "code": "S"
  },
  {
    "stationID": 200858,
    "wmoNumber": 91531,
    "name": "NAURU NTC AWS",
    "state": "SA",
    "code": "S"
  },
  {
    "stationID": 200860,
    "wmoNumber": 91642,
    "name": "TUVALU NTC AWS",
    "state": "SA",
    "code": "S"
  },
  {
    "stationID": 9265,
    "wmoNumber": 95605,
    "name": "HILLARYS BOAT HARBOUR NTC AWS",
    "state": "SA",
    "code": "S"
  },
  {
    "stationID": 200299,
    "wmoNumber": 91611,
    "name": "KIRIBATI NTC AWS",
    "state": "SA",
    "code": "S"
  },
  {
    "stationID": 200864,
    "wmoNumber": 91349,
    "name": "FSM NTC AWS",
    "state": "SA",
    "code": "S"
  },
  {
    "stationID": 200814,
    "wmoNumber": 91756,
    "name": "SAMOA NTC AWS",
    "state": "SA",
    "code": "S"
  },
  {
    "stationID": 200832,
    "wmoNumber": 91375,
    "name": "MARSHALL ISLANDS NTC AWS",
    "state": "SA",
    "code": "S"
  },
  {
    "stationID": 200855,
    "wmoNumber": 91844,
    "name": "COOK ISLANDS NTC AWS",
    "state": "SA",
    "code": "S"
  },
  {
    "stationID": 200865,
    "wmoNumber": 96997,
    "name": "COCOS ISLAND NTC AWS",
    "state": "SA",
    "code": "S"
  },
  {
    "stationID": 99005,
    "wmoNumber": 94980,
    "name": "FLINDERS ISLAND AIRPORT",
    "state": "TAS/ANT",
    "code": "T"
  },
  {
    "stationID": 92123,
    "wmoNumber": 95985,
    "name": "SWAN ISLAND",
    "state": "TAS/ANT",
    "code": "T"
  },
  {
    "stationID": 92045,
    "wmoNumber": 94983,
    "name": "EDDYSTONE POINT",
    "state": "TAS/ANT",
    "code": "T"
  },
  {
    "stationID": 92120,
    "wmoNumber": 95981,
    "name": "ST HELENS AERODROME",
    "state": "TAS/ANT",
    "code": "T"
  },
  {
    "stationID": 91219,
    "wmoNumber": 94972,
    "name": "SCOTTSDALE (WEST MINSTONE ROAD)",
    "state": "TAS/ANT",
    "code": "T"
  },
  {
    "stationID": 91293,
    "wmoNumber": 95964,
    "name": "LOW HEAD",
    "state": "TAS/ANT",
    "code": "T"
  },
  {
    "stationID": 98017,
    "wmoNumber": 94850,
    "name": "KING ISLAND AIRPORT",
    "state": "TAS/ANT",
    "code": "T"
  },
  {
    "stationID": 92012,
    "wmoNumber": 95974,
    "name": "FINGAL (LEGGE STREET)",
    "state": "TAS/ANT",
    "code": "T"
  },
  {
    "stationID": 91126,
    "wmoNumber": 95960,
    "name": "DEVONPORT AIRPORT",
    "state": "TAS/ANT",
    "code": "T"
  },
  {
    "stationID": 91237,
    "wmoNumber": 94969,
    "name": "LAUNCESTON (TI TREE BEND)",
    "state": "TAS/ANT",
    "code": "T"
  },
  {
    "stationID": 91107,
    "wmoNumber": 95957,
    "name": "WYNYARD AIRPORT",
    "state": "TAS/ANT",
    "code": "T"
  },
  {
    "stationID": 91311,
    "wmoNumber": 95966,
    "name": "LAUNCESTON AIRPORT",
    "state": "TAS/ANT",
    "code": "T"
  },
  {
    "stationID": 91292,
    "wmoNumber": 94953,
    "name": "SMITHTON AERODROME",
    "state": "TAS/ANT",
    "code": "T"
  },
  {
    "stationID": 91331,
    "wmoNumber": 95954,
    "name": "CAPE GRIM",
    "state": "TAS/ANT",
    "code": "T"
  },
  {
    "stationID": 91245,
    "wmoNumber": 94954,
    "name": "CAPE GRIM BAPS (COMPARISON)",
    "state": "TAS/ANT",
    "code": "T"
  },
  {
    "stationID": 91291,
    "wmoNumber": 94955,
    "name": "SHEFFIELD SCHOOL FARM",
    "state": "TAS/ANT",
    "code": "T"
  },
  {
    "stationID": 92114,
    "wmoNumber": 94987,
    "name": "FRIENDLY BEACHES",
    "state": "TAS/ANT",
    "code": "T"
  },
  {
    "stationID": 91306,
    "wmoNumber": 95969,
    "name": "CRESSY RESEARCH STATION",
    "state": "TAS/ANT",
    "code": "T"
  },
  {
    "stationID": 91259,
    "wmoNumber": 95956,
    "name": "LUNCHEON HILL (FORESTRY)",
    "state": "TAS/ANT",
    "code": "T"
  },
  {
    "stationID": 96033,
    "wmoNumber": 95959,
    "name": "LIAWENEE",
    "state": "TAS/ANT",
    "code": "T"
  },
  {
    "stationID": 94195,
    "wmoNumber": 94960,
    "name": "TUNNACK FIRE STATION",
    "state": "TAS/ANT",
    "code": "T"
  },
  {
    "stationID": 97085,
    "wmoNumber": 95952,
    "name": "MOUNT READ",
    "state": "TAS/ANT",
    "code": "T"
  },
  {
    "stationID": 92124,
    "wmoNumber": 95988,
    "name": "MARIA ISLAND (POINT LESUEUR)",
    "state": "TAS/ANT",
    "code": "T"
  },
  {
    "stationID": 96003,
    "wmoNumber": 94959,
    "name": "BUTLERS GORGE",
    "state": "TAS/ANT",
    "code": "T"
  },
  {
    "stationID": 94212,
    "wmoNumber": 95972,
    "name": "CAMPANIA (KINCORA)",
    "state": "TAS/ANT",
    "code": "T"
  },
  {
    "stationID": 95048,
    "wmoNumber": 94957,
    "name": "OUSE FIRE STATION",
    "state": "TAS/ANT",
    "code": "T"
  },
  {
    "stationID": 94254,
    "wmoNumber": 94951,
    "name": "DUNALLEY (STROUD POINT)",
    "state": "TAS/ANT",
    "code": "T"
  },
  {
    "stationID": 94008,
    "wmoNumber": 94975,
    "name": "HOBART AIRPORT",
    "state": "TAS/ANT",
    "code": "T"
  },
  {
    "stationID": 97072,
    "wmoNumber": 94956,
    "name": "STRAHAN AERODROME",
    "state": "TAS/ANT",
    "code": "T"
  },
  {
    "stationID": 95003,
    "wmoNumber": 94964,
    "name": "BUSHY PARK (BUSHY PARK ESTATES)",
    "state": "TAS/ANT",
    "code": "T"
  },
  {
    "stationID": 94029,
    "wmoNumber": 94970,
    "name": "HOBART (ELLERSLIE ROAD)",
    "state": "TAS/ANT",
    "code": "T"
  },
  {
    "stationID": 97000,
    "wmoNumber": 94974,
    "name": "CAPE SORELL",
    "state": "TAS/ANT",
    "code": "T"
  },
  {
    "stationID": 94087,
    "wmoNumber": 95979,
    "name": "MOUNT WELLINGTON",
    "state": "TAS/ANT",
    "code": "T"
  },
  {
    "stationID": 94220,
    "wmoNumber": 95977,
    "name": "GROVE (RESEARCH STATION)",
    "state": "TAS/ANT",
    "code": "T"
  },
  {
    "stationID": 94155,
    "wmoNumber": 95986,
    "name": "TASMAN ISLAND",
    "state": "TAS/ANT",
    "code": "T"
  },
  {
    "stationID": 97024,
    "wmoNumber": 95962,
    "name": "WARRA",
    "state": "TAS/ANT",
    "code": "T"
  },
  {
    "stationID": 97083,
    "wmoNumber": 95958,
    "name": "SCOTTS PEAK DAM",
    "state": "TAS/ANT",
    "code": "T"
  },
  {
    "stationID": 94191,
    "wmoNumber": 94977,
    "name": "HARTZ MOUNTAIN (KEOGHS PIMPLE)",
    "state": "TAS/ANT",
    "code": "T"
  },
  {
    "stationID": 97080,
    "wmoNumber": 95961,
    "name": "LOW ROCKY POINT",
    "state": "TAS/ANT",
    "code": "T"
  },
  {
    "stationID": 94198,
    "wmoNumber": 95967,
    "name": "CAPE BRUNY (CAPE BRUNY)",
    "state": "TAS/ANT",
    "code": "T"
  },
  {
    "stationID": 94041,
    "wmoNumber": 94962,
    "name": "MAATSUYKER ISLAND LIGHTHOUSE",
    "state": "TAS/ANT",
    "code": "T"
  },
  {
    "stationID": 300004,
    "wmoNumber": 94998,
    "name": "MACQUARIE ISLAND",
    "state": "TAS/ANT",
    "code": "T"
  },
  {
    "stationID": 300046,
    "wmoNumber": 89610,
    "name": "CAPE POINSETT",
    "state": "TAS/ANT",
    "code": "T"
  },
  {
    "stationID": 300022,
    "wmoNumber": 89811,
    "name": "LAW DOME SUMMIT",
    "state": "TAS/ANT",
    "code": "T"
  },
  {
    "stationID": 300050,
    "wmoNumber": 89615,
    "name": "WILKINS RUNWAY EAST",
    "state": "TAS/ANT",
    "code": "T"
  },
  {
    "stationID": 300048,
    "wmoNumber": 89614,
    "name": "WILKINS RUNWAY WEST",
    "state": "TAS/ANT",
    "code": "T"
  },
  {
    "stationID": 300060,
    "wmoNumber": 89809,
    "name": "CASEY SKIWAY SOUTH",
    "state": "TAS/ANT",
    "code": "T"
  },
  {
    "stationID": 300017,
    "wmoNumber": 89611,
    "name": "CASEY",
    "state": "TAS/ANT",
    "code": "T"
  },
  {
    "stationID": 300012,
    "wmoNumber": 89815,
    "name": "HAUPT NUNATAK",
    "state": "TAS/ANT",
    "code": "T"
  },
  {
    "stationID": 300033,
    "wmoNumber": 89807,
    "name": "SNYDER ROCKS",
    "state": "TAS/ANT",
    "code": "T"
  },
  {
    "stationID": 300038,
    "wmoNumber": 89586,
    "name": "MOUNT BROWN",
    "state": "TAS/ANT",
    "code": "T"
  },
  {
    "stationID": 300055,
    "wmoNumber": 89570,
    "name": "DAVIS (WHOOP WHOOP)",
    "state": "TAS/ANT",
    "code": "T"
  },
  {
    "stationID": 300000,
    "wmoNumber": 89571,
    "name": "DAVIS",
    "state": "TAS/ANT",
    "code": "T"
  },
  {
    "stationID": 300052,
    "wmoNumber": 89578,
    "name": "EAGLE",
    "state": "TAS/ANT",
    "code": "T"
  },
  {
    "stationID": 300051,
    "wmoNumber": 89577,
    "name": "DOME A",
    "state": "TAS/ANT",
    "code": "T"
  },
  {
    "stationID": 300039,
    "wmoNumber": 89767,
    "name": "G3",
    "state": "TAS/ANT",
    "code": "T"
  },
  {
    "stationID": 300028,
    "wmoNumber": 94997,
    "name": "HEARD ISLAND (THE SPIT)",
    "state": "TAS/ANT",
    "code": "T"
  },
  {
    "stationID": 300005,
    "wmoNumber": 95997,
    "name": "HEARD ISLAND (ATLAS COVE)",
    "state": "TAS/ANT",
    "code": "T"
  },
  {
    "stationID": 300001,
    "wmoNumber": 89564,
    "name": "MAWSON",
    "state": "TAS/ANT",
    "code": "T"
  },
  {
    "stationID": 82139,
    "wmoNumber": 94878,
    "name": "HUNTERS HILL",
    "state": "VIC",
    "code": "V"
  },
  {
    "stationID": 82039,
    "wmoNumber": 95837,
    "name": "RUTHERGLEN RESEARCH",
    "state": "VIC",
    "code": "V"
  },
  {
    "stationID": 84016,
    "wmoNumber": 94933,
    "name": "GABO ISLAND LIGHTHOUSE",
    "state": "VIC",
    "code": "V"
  },
  {
    "stationID": 84143,
    "wmoNumber": 94914,
    "name": "COMBIENBAR AWS",
    "state": "VIC",
    "code": "V"
  },
  {
    "stationID": 84084,
    "wmoNumber": 94935,
    "name": "MALLACOOTA",
    "state": "VIC",
    "code": "V"
  },
  {
    "stationID": 81124,
    "wmoNumber": 94862,
    "name": "YARRAWONGA",
    "state": "VIC",
    "code": "V"
  },
  {
    "stationID": 84142,
    "wmoNumber": 94913,
    "name": "GELANTIPY",
    "state": "VIC",
    "code": "V"
  },
  {
    "stationID": 83084,
    "wmoNumber": 94903,
    "name": "FALLS CREEK",
    "state": "VIC",
    "code": "V"
  },
  {
    "stationID": 82138,
    "wmoNumber": 94889,
    "name": "WANGARATTA AERO",
    "state": "VIC",
    "code": "V"
  },
  {
    "stationID": 83090,
    "wmoNumber": 94908,
    "name": "OMEO",
    "state": "VIC",
    "code": "V"
  },
  {
    "stationID": 83055,
    "wmoNumber": 94905,
    "name": "MOUNT HOTHAM AIRPORT",
    "state": "VIC",
    "code": "V"
  },
  {
    "stationID": 83085,
    "wmoNumber": 94906,
    "name": "MOUNT HOTHAM",
    "state": "VIC",
    "code": "V"
  },
  {
    "stationID": 84145,
    "wmoNumber": 95918,
    "name": "ORBOST",
    "state": "VIC",
    "code": "V"
  },
  {
    "stationID": 84144,
    "wmoNumber": 94930,
    "name": "MOUNT NOWA NOWA",
    "state": "VIC",
    "code": "V"
  },
  {
    "stationID": 81125,
    "wmoNumber": 94875,
    "name": "SHEPPARTON AIRPORT",
    "state": "VIC",
    "code": "V"
  },
  {
    "stationID": 83024,
    "wmoNumber": 94894,
    "name": "MOUNT BULLER",
    "state": "VIC",
    "code": "V"
  },
  {
    "stationID": 81049,
    "wmoNumber": 95836,
    "name": "TATURA INST SUSTAINABLE AG",
    "state": "VIC",
    "code": "V"
  },
  {
    "stationID": 80091,
    "wmoNumber": 95833,
    "name": "KYABRAM",
    "state": "VIC",
    "code": "V"
  },
  {
    "stationID": 85279,
    "wmoNumber": 94912,
    "name": "BAIRNSDALE AIRPORT",
    "state": "VIC",
    "code": "V"
  },
  {
    "stationID": 85296,
    "wmoNumber": 95913,
    "name": "MOUNT MOORNAPA",
    "state": "VIC",
    "code": "V"
  },
  {
    "stationID": 77094,
    "wmoNumber": 94843,
    "name": "SWAN HILL AERODROME",
    "state": "VIC",
    "code": "V"
  },
  {
    "stationID": 88164,
    "wmoNumber": 94881,
    "name": "EILDON FIRE TOWER",
    "state": "VIC",
    "code": "V"
  },
  {
    "stationID": 88109,
    "wmoNumber": 94874,
    "name": "MANGALORE AIRPORT",
    "state": "VIC",
    "code": "V"
  },
  {
    "stationID": 85072,
    "wmoNumber": 94907,
    "name": "EAST SALE AIRPORT",
    "state": "VIC",
    "code": "V"
  },
  {
    "stationID": 76031,
    "wmoNumber": 94693,
    "name": "MILDURA AIRPORT",
    "state": "VIC",
    "code": "V"
  },
  {
    "stationID": 85291,
    "wmoNumber": 95901,
    "name": "MOUNT BAW BAW",
    "state": "VIC",
    "code": "V"
  },
  {
    "stationID": 81123,
    "wmoNumber": 94855,
    "name": "BENDIGO AIRPORT",
    "state": "VIC",
    "code": "V"
  },
  {
    "stationID": 88051,
    "wmoNumber": 94859,
    "name": "REDESDALE",
    "state": "VIC",
    "code": "V"
  },
  {
    "stationID": 85280,
    "wmoNumber": 94891,
    "name": "LATROBE VALLEY AIRPORT",
    "state": "VIC",
    "code": "V"
  },
  {
    "stationID": 88162,
    "wmoNumber": 94860,
    "name": "KILMORE GAP",
    "state": "VIC",
    "code": "V"
  },
  {
    "stationID": 86320,
    "wmoNumber": 94869,
    "name": "COLDSTREAM COMPARISON",
    "state": "VIC",
    "code": "V"
  },
  {
    "stationID": 86383,
    "wmoNumber": 94864,
    "name": "COLDSTREAM",
    "state": "VIC",
    "code": "V"
  },
  {
    "stationID": 80128,
    "wmoNumber": 94839,
    "name": "CHARLTON",
    "state": "VIC",
    "code": "V"
  },
  {
    "stationID": 85151,
    "wmoNumber": 95890,
    "name": "YARRAM AIRPORT",
    "state": "VIC",
    "code": "V"
  },
  {
    "stationID": 86266,
    "wmoNumber": 94872,
    "name": "FERNY CREEK",
    "state": "VIC",
    "code": "V"
  },
  {
    "stationID": 86068,
    "wmoNumber": 95874,
    "name": "VIEWBANK",
    "state": "VIC",
    "code": "V"
  },
  {
    "stationID": 86104,
    "wmoNumber": 95867,
    "name": "SCORESBY RESEARCH INSTITUTE",
    "state": "VIC",
    "code": "V"
  },
  {
    "stationID": 76064,
    "wmoNumber": 95831,
    "name": "WALPEUP RESEARCH",
    "state": "VIC",
    "code": "V"
  },
  {
    "stationID": 86282,
    "wmoNumber": 94866,
    "name": "MELBOURNE AIRPORT",
    "state": "VIC",
    "code": "V"
  },
  {
    "stationID": 86282,
    "wmoNumber": 94866,
    "name": "MELBOURNE AIRPORT",
    "state": "VIC",
    "code": "V"
  },
  {
    "stationID": 86038,
    "wmoNumber": 95866,
    "name": "ESSENDON AIRPORT",
    "state": "VIC",
    "code": "V"
  },
  {
    "stationID": 86071,
    "wmoNumber": 94868,
    "name": "MELBOURNE REGIONAL OFFICE",
    "state": "VIC",
    "code": "V"
  },
  {
    "stationID": 77010,
    "wmoNumber": 94838,
    "name": "HOPETOUN AIRPORT",
    "state": "VIC",
    "code": "V"
  },
  {
    "stationID": 86220,
    "wmoNumber": 95864,
    "name": "ST KILDA HARBOUR - RMYS",
    "state": "VIC",
    "code": "V"
  },
  {
    "stationID": 86077,
    "wmoNumber": 94870,
    "name": "MOORABBIN AIRPORT",
    "state": "VIC",
    "code": "V"
  },
  {
    "stationID": 86376,
    "wmoNumber": 95872,
    "name": "FAWKNER BEACON",
    "state": "VIC",
    "code": "V"
  },
  {
    "stationID": 87031,
    "wmoNumber": 94865,
    "name": "LAVERTON RAAF",
    "state": "VIC",
    "code": "V"
  },
  {
    "stationID": 86371,
    "wmoNumber": 94871,
    "name": "FRANKSTON AWS",
    "state": "VIC",
    "code": "V"
  },
  {
    "stationID": 85099,
    "wmoNumber": 94886,
    "name": "POUND CREEK",
    "state": "VIC",
    "code": "V"
  },
  {
    "stationID": 86361,
    "wmoNumber": 94898,
    "name": "CERBERUS",
    "state": "VIC",
    "code": "V"
  },
  {
    "stationID": 200838,
    "wmoNumber": 94949,
    "name": "HOGAN ISLAND",
    "state": "VIC",
    "code": "V"
  },
  {
    "stationID": 86373,
    "wmoNumber": 94892,
    "name": "RHYLL",
    "state": "VIC",
    "code": "V"
  },
  {
    "stationID": 89002,
    "wmoNumber": 94852,
    "name": "BALLARAT AERODROME",
    "state": "VIC",
    "code": "V"
  },
  {
    "stationID": 87113,
    "wmoNumber": 94854,
    "name": "AVALON AIRPORT",
    "state": "VIC",
    "code": "V"
  },
  {
    "stationID": 87166,
    "wmoNumber": 94847,
    "name": "POINT WILSON",
    "state": "VIC",
    "code": "V"
  },
  {
    "stationID": 85096,
    "wmoNumber": 94893,
    "name": "WILSONS PROMONTORY LIGHTHOUSE",
    "state": "VIC",
    "code": "V"
  },
  {
    "stationID": 86344,
    "wmoNumber": 94853,
    "name": "SOUTH CHANNEL ISLAND",
    "state": "VIC",
    "code": "V"
  },
  {
    "stationID": 87168,
    "wmoNumber": 94863,
    "name": "SHEOAKS",
    "state": "VIC",
    "code": "V"
  },
  {
    "stationID": 79101,
    "wmoNumber": 94835,
    "name": "BEN NEVIS",
    "state": "VIC",
    "code": "V"
  },
  {
    "stationID": 87184,
    "wmoNumber": 94857,
    "name": "GEELONG RACECOURSE",
    "state": "VIC",
    "code": "V"
  },
  {
    "stationID": 79105,
    "wmoNumber": 94836,
    "name": "STAWELL AERODROME",
    "state": "VIC",
    "code": "V"
  },
  {
    "stationID": 79028,
    "wmoNumber": 95835,
    "name": "LONGERENONG",
    "state": "VIC",
    "code": "V"
  },
  {
    "stationID": 79100,
    "wmoNumber": 95839,
    "name": "HORSHAM AERODROME",
    "state": "VIC",
    "code": "V"
  },
  {
    "stationID": 78015,
    "wmoNumber": 94827,
    "name": "NHILL AERODROME",
    "state": "VIC",
    "code": "V"
  },
  {
    "stationID": 79103,
    "wmoNumber": 94833,
    "name": "MOUNT WILLIAM",
    "state": "VIC",
    "code": "V"
  },
  {
    "stationID": 90035,
    "wmoNumber": 95845,
    "name": "MOUNT GELLIBRAND",
    "state": "VIC",
    "code": "V"
  },
  {
    "stationID": 90180,
    "wmoNumber": 94846,
    "name": "AIREYS INLET",
    "state": "VIC",
    "code": "V"
  },
  {
    "stationID": 89112,
    "wmoNumber": 95840,
    "name": "WESTMERE",
    "state": "VIC",
    "code": "V"
  },
  {
    "stationID": 79097,
    "wmoNumber": 95827,
    "name": "KANAGULK",
    "state": "VIC",
    "code": "V"
  },
  {
    "stationID": 90176,
    "wmoNumber": 94840,
    "name": "MORTLAKE RACECOURSE",
    "state": "VIC",
    "code": "V"
  },
  {
    "stationID": 90173,
    "wmoNumber": 94829,
    "name": "HAMILTON AIRPORT",
    "state": "VIC",
    "code": "V"
  },
  {
    "stationID": 79099,
    "wmoNumber": 95832,
    "name": "EDENHOPE AIRPORT",
    "state": "VIC",
    "code": "V"
  },
  {
    "stationID": 90015,
    "wmoNumber": 94842,
    "name": "CAPE OTWAY LIGHTHOUSE",
    "state": "VIC",
    "code": "V"
  },
  {
    "stationID": 90186,
    "wmoNumber": 94837,
    "name": "WARRNAMBOOL AIRPORT NDB",
    "state": "VIC",
    "code": "V"
  },
  {
    "stationID": 90182,
    "wmoNumber": 95825,
    "name": "CASTERTON",
    "state": "VIC",
    "code": "V"
  },
  {
    "stationID": 90175,
    "wmoNumber": 94830,
    "name": "PORT FAIRY AWS",
    "state": "VIC",
    "code": "V"
  },
  {
    "stationID": 90194,
    "wmoNumber": 95822,
    "name": "DARTMOOR",
    "state": "VIC",
    "code": "V"
  },
  {
    "stationID": 90171,
    "wmoNumber": 94828,
    "name": "CASHMORE AIRPORT",
    "state": "VIC",
    "code": "V"
  },
  {
    "stationID": 90184,
    "wmoNumber": 94826,
    "name": "CAPE NELSON LIGHTHOUSE",
    "state": "VIC",
    "code": "V"
  },
  {
    "stationID": 11003,
    "wmoNumber": 94647,
    "name": "EUCLA",
    "state": "WA",
    "code": "W"
  },
  {
    "stationID": 11052,
    "wmoNumber": 95646,
    "name": "FORREST",
    "state": "WA",
    "code": "W"
  },
  {
    "stationID": 11053,
    "wmoNumber": 94644,
    "name": "RED ROCKS POINT",
    "state": "WA",
    "code": "W"
  },
  {
    "stationID": 13011,
    "wmoNumber": 94457,
    "name": "WARBURTON AIRFIELD",
    "state": "WA",
    "code": "W"
  },
  {
    "stationID": 11023,
    "wmoNumber": 95645,
    "name": "CAIGUNA ASA",
    "state": "WA",
    "code": "W"
  },
  {
    "stationID": 2012,
    "wmoNumber": 94212,
    "name": "HALLS CREEK AIRPORT",
    "state": "WA",
    "code": "W"
  },
  {
    "stationID": 2064,
    "wmoNumber": 94217,
    "name": "ARGYLE AERODROME",
    "state": "WA",
    "code": "W"
  },
  {
    "stationID": 2056,
    "wmoNumber": 94216,
    "name": "KUNUNURRA AERO",
    "state": "WA",
    "code": "W"
  },
  {
    "stationID": 1006,
    "wmoNumber": 95214,
    "name": "WYNDHAM AERO",
    "state": "WA",
    "code": "W"
  },
  {
    "stationID": 12305,
    "wmoNumber": 94449,
    "name": "LAVERTON AERO",
    "state": "WA",
    "code": "W"
  },
  {
    "stationID": 3093,
    "wmoNumber": 94206,
    "name": "FITZROY CROSSING AERO",
    "state": "WA",
    "code": "W"
  },
  {
    "stationID": 9789,
    "wmoNumber": 94638,
    "name": "ESPERANCE",
    "state": "WA",
    "code": "W"
  },
  {
    "stationID": 9542,
    "wmoNumber": 95638,
    "name": "ESPERANCE AERO",
    "state": "WA",
    "code": "W"
  },
  {
    "stationID": 12009,
    "wmoNumber": 95642,
    "name": "NORSEMAN AERO",
    "state": "WA",
    "code": "W"
  },
  {
    "stationID": 12071,
    "wmoNumber": 95639,
    "name": "SALMON GUMS RES.STN.",
    "state": "WA",
    "code": "W"
  },
  {
    "stationID": 12038,
    "wmoNumber": 94637,
    "name": "KALGOORLIE-BOULDER AIRPORT",
    "state": "WA",
    "code": "W"
  },
  {
    "stationID": 12241,
    "wmoNumber": 94450,
    "name": "LEONORA AERO",
    "state": "WA",
    "code": "W"
  },
  {
    "stationID": 1019,
    "wmoNumber": 94100,
    "name": "KALUMBURU",
    "state": "WA",
    "code": "W"
  },
  {
    "stationID": 12044,
    "wmoNumber": 95644,
    "name": "MUNGLINUP WEST",
    "state": "WA",
    "code": "W"
  },
  {
    "stationID": 12314,
    "wmoNumber": 95448,
    "name": "LEINSTER AERO",
    "state": "WA",
    "code": "W"
  },
  {
    "stationID": 13030,
    "wmoNumber": 94319,
    "name": "TELFER AERO",
    "state": "WA",
    "code": "W"
  },
  {
    "stationID": 9961,
    "wmoNumber": 95635,
    "name": "HOPETOUN NORTH",
    "state": "WA",
    "code": "W"
  },
  {
    "stationID": 3080,
    "wmoNumber": 94204,
    "name": "CURTIN AERO",
    "state": "WA",
    "code": "W"
  },
  {
    "stationID": 3032,
    "wmoNumber": 95205,
    "name": "DERBY AERO",
    "state": "WA",
    "code": "W"
  },
  {
    "stationID": 12320,
    "wmoNumber": 95634,
    "name": "SOUTHERN CROSS AIRFIELD",
    "state": "WA",
    "code": "W"
  },
  {
    "stationID": 10905,
    "wmoNumber": 95636,
    "name": "JACUP",
    "state": "WA",
    "code": "W"
  },
  {
    "stationID": 10692,
    "wmoNumber": 94628,
    "name": "NEWDEGATE RESEARCH STATION",
    "state": "WA",
    "code": "W"
  },
  {
    "stationID": 200867,
    "wmoNumber": 99045,
    "name": "BAYU UNDAN",
    "state": "WA",
    "code": "W"
  },
  {
    "stationID": 3096,
    "wmoNumber": 95204,
    "name": "WEST ROEBUCK",
    "state": "WA",
    "code": "W"
  },
  {
    "stationID": 3003,
    "wmoNumber": 94203,
    "name": "BROOME AIRPORT",
    "state": "WA",
    "code": "W"
  },
  {
    "stationID": 10911,
    "wmoNumber": 95637,
    "name": "LAKE GRACE",
    "state": "WA",
    "code": "W"
  },
  {
    "stationID": 7176,
    "wmoNumber": 94317,
    "name": "NEWMAN AERO",
    "state": "WA",
    "code": "W"
  },
  {
    "stationID": 200735,
    "wmoNumber": 94210,
    "name": "ADELE ISLAND",
    "state": "WA",
    "code": "W"
  },
  {
    "stationID": 4019,
    "wmoNumber": 94200,
    "name": "MANDORA",
    "state": "WA",
    "code": "W"
  },
  {
    "stationID": 7045,
    "wmoNumber": 94430,
    "name": "MEEKATHARRA AIRPORT",
    "state": "WA",
    "code": "W"
  },
  {
    "stationID": 200784,
    "wmoNumber": 94103,
    "name": "BROWSE ISLAND",
    "state": "WA",
    "code": "W"
  },
  {
    "stationID": 9999,
    "wmoNumber": 94802,
    "name": "ALBANY AIRPORT",
    "state": "WA",
    "code": "W"
  },
  {
    "stationID": 9741,
    "wmoNumber": 95802,
    "name": "ALBANY AIRPORT COMPARISON",
    "state": "WA",
    "code": "W"
  },
  {
    "stationID": 10916,
    "wmoNumber": 94641,
    "name": "KATANNING",
    "state": "WA",
    "code": "W"
  },
  {
    "stationID": 4106,
    "wmoNumber": 95317,
    "name": "MARBLE BAR",
    "state": "WA",
    "code": "W"
  },
  {
    "stationID": 7600,
    "wmoNumber": 94429,
    "name": "MOUNT MAGNET AERO",
    "state": "WA",
    "code": "W"
  },
  {
    "stationID": 10286,
    "wmoNumber": 95625,
    "name": "CUNDERDIN AIRFIELD",
    "state": "WA",
    "code": "W"
  },
  {
    "stationID": 9964,
    "wmoNumber": 94631,
    "name": "ROCKY GULLY",
    "state": "WA",
    "code": "W"
  },
  {
    "stationID": 9998,
    "wmoNumber": 95647,
    "name": "NORTH WALPOLE",
    "state": "WA",
    "code": "W"
  },
  {
    "stationID": 10917,
    "wmoNumber": 95640,
    "name": "WANDERING",
    "state": "WA",
    "code": "W"
  },
  {
    "stationID": 8297,
    "wmoNumber": 95629,
    "name": "DALWALLINU",
    "state": "WA",
    "code": "W"
  },
  {
    "stationID": 9968,
    "wmoNumber": 95617,
    "name": "SHANNON",
    "state": "WA",
    "code": "W"
  },
  {
    "stationID": 9994,
    "wmoNumber": 95621,
    "name": "COLLIE EAST",
    "state": "WA",
    "code": "W"
  },
  {
    "stationID": 9573,
    "wmoNumber": 94617,
    "name": "MANJIMUP",
    "state": "WA",
    "code": "W"
  },
  {
    "stationID": 9617,
    "wmoNumber": 95632,
    "name": "BRIDGETOWN",
    "state": "WA",
    "code": "W"
  },
  {
    "stationID": 4100,
    "wmoNumber": 94310,
    "name": "BEDOUT ISLAND",
    "state": "WA",
    "code": "W"
  },
  {
    "stationID": 9240,
    "wmoNumber": 95610,
    "name": "BICKLEY",
    "state": "WA",
    "code": "W"
  },
  {
    "stationID": 7185,
    "wmoNumber": 94316,
    "name": "PARABURDOO AERO",
    "state": "WA",
    "code": "W"
  },
  {
    "stationID": 9538,
    "wmoNumber": 94620,
    "name": "DWELLINGUP",
    "state": "WA",
    "code": "W"
  },
  {
    "stationID": 9204,
    "wmoNumber": 94615,
    "name": "GOOSEBERRY HILL",
    "state": "WA",
    "code": "W"
  },
  {
    "stationID": 4032,
    "wmoNumber": 94312,
    "name": "PORT HEDLAND AIRPORT",
    "state": "WA",
    "code": "W"
  },
  {
    "stationID": 9053,
    "wmoNumber": 94612,
    "name": "PEARCE RAAF",
    "state": "WA",
    "code": "W"
  },
  {
    "stationID": 9021,
    "wmoNumber": 94610,
    "name": "PERTH AIRPORT",
    "state": "WA",
    "code": "W"
  },
  {
    "stationID": 9172,
    "wmoNumber": 94609,
    "name": "JANDAKOT AERO",
    "state": "WA",
    "code": "W"
  },
  {
    "stationID": 9225,
    "wmoNumber": 94608,
    "name": "PERTH METRO",
    "state": "WA",
    "code": "W"
  },
  {
    "stationID": 9091,
    "wmoNumber": 95620,
    "name": "INNER DOLPHIN PYLON",
    "state": "WA",
    "code": "W"
  },
  {
    "stationID": 9178,
    "wmoNumber": 95612,
    "name": "GINGIN AERO",
    "state": "WA",
    "code": "W"
  },
  {
    "stationID": 9215,
    "wmoNumber": 94614,
    "name": "SWANBOURNE",
    "state": "WA",
    "code": "W"
  },
  {
    "stationID": 8296,
    "wmoNumber": 94417,
    "name": "MORAWA AIRPORT",
    "state": "WA",
    "code": "W"
  },
  {
    "stationID": 9224,
    "wmoNumber": 94618,
    "name": "FREMANTLE PORT",
    "state": "WA",
    "code": "W"
  },
  {
    "stationID": 9977,
    "wmoNumber": 94605,
    "name": "MANDURAH",
    "state": "WA",
    "code": "W"
  },
  {
    "stationID": 9214,
    "wmoNumber": 94607,
    "name": "OCEAN REEF",
    "state": "WA",
    "code": "W"
  },
  {
    "stationID": 9256,
    "wmoNumber": 95607,
    "name": "GARDEN ISLAND HSF",
    "state": "WA",
    "code": "W"
  },
  {
    "stationID": 9965,
    "wmoNumber": 94604,
    "name": "BUNBURY",
    "state": "WA",
    "code": "W"
  },
  {
    "stationID": 9193,
    "wmoNumber": 94602,
    "name": "ROTTNEST ISLAND",
    "state": "WA",
    "code": "W"
  },
  {
    "stationID": 9603,
    "wmoNumber": 95611,
    "name": "BUSSELTON AERO",
    "state": "WA",
    "code": "W"
  },
  {
    "stationID": 9037,
    "wmoNumber": 94603,
    "name": "BADGINGARRA RESEARCH STN",
    "state": "WA",
    "code": "W"
  },
  {
    "stationID": 9937,
    "wmoNumber": 95602,
    "name": "BUSSELTON JETTY",
    "state": "WA",
    "code": "W"
  },
  {
    "stationID": 9518,
    "wmoNumber": 94601,
    "name": "CAPE LEEUWIN",
    "state": "WA",
    "code": "W"
  },
  {
    "stationID": 9746,
    "wmoNumber": 95641,
    "name": "WITCHCLIFFE",
    "state": "WA",
    "code": "W"
  },
  {
    "stationID": 9519,
    "wmoNumber": 94600,
    "name": "CAPE NATURALISTE",
    "state": "WA",
    "code": "W"
  },
  {
    "stationID": 200713,
    "wmoNumber": 94207,
    "name": "ROWLEY SHOALS",
    "state": "WA",
    "code": "W"
  },
  {
    "stationID": 4090,
    "wmoNumber": 94308,
    "name": "ROEBOURNE AERO",
    "state": "WA",
    "code": "W"
  },
  {
    "stationID": 8315,
    "wmoNumber": 94403,
    "name": "GERALDTON AIRPORT",
    "state": "WA",
    "code": "W"
  },
  {
    "stationID": 8051,
    "wmoNumber": 95403,
    "name": "GERALDTON AIRPORT COMPARISON",
    "state": "WA",
    "code": "W"
  },
  {
    "stationID": 4083,
    "wmoNumber": 95307,
    "name": "KARRATHA AERO",
    "state": "WA",
    "code": "W"
  },
  {
    "stationID": 4095,
    "wmoNumber": 94307,
    "name": "LEGENDRE ISLAND",
    "state": "WA",
    "code": "W"
  },
  {
    "stationID": 5008,
    "wmoNumber": 94306,
    "name": "MARDIE",
    "state": "WA",
    "code": "W"
  },
  {
    "stationID": 6072,
    "wmoNumber": 94318,
    "name": "EMU CREEK STATION",
    "state": "WA",
    "code": "W"
  },
  {
    "stationID": 8290,
    "wmoNumber": 94405,
    "name": "NORTH ISLAND",
    "state": "WA",
    "code": "W"
  },
  {
    "stationID": 200100,
    "wmoNumber": 95303,
    "name": "VARANUS ISLAND",
    "state": "WA",
    "code": "W"
  },
  {
    "stationID": 5094,
    "wmoNumber": 95304,
    "name": "BARROW ISLAND AIRPORT",
    "state": "WA",
    "code": "W"
  },
  {
    "stationID": 5017,
    "wmoNumber": 95305,
    "name": "ONSLOW AIRPORT",
    "state": "WA",
    "code": "W"
  },
  {
    "stationID": 5084,
    "wmoNumber": 94303,
    "name": "THEVENARD ISLAND",
    "state": "WA",
    "code": "W"
  },
  {
    "stationID": 6105,
    "wmoNumber": 95402,
    "name": "SHARK BAY AIRPORT",
    "state": "WA",
    "code": "W"
  },
  {
    "stationID": 6011,
    "wmoNumber": 94300,
    "name": "CARNARVON AIRPORT",
    "state": "WA",
    "code": "W"
  },
  {
    "stationID": 5007,
    "wmoNumber": 94302,
    "name": "LEARMONTH AIRPORT",
    "state": "WA",
    "code": "W"
  },
  {
    "stationID": 6108,
    "wmoNumber": 95301,
    "name": "CAPE CUVIER WHARF",
    "state": "WA",
    "code": "W"
  },
  {
    "stationID": 200790,
    "wmoNumber": 96995,
    "name": "CHRISTMAS ISLAND AERO",
    "state": "WA",
    "code": "W"
  },
  {
    "stationID": 200284,
    "wmoNumber": 96996,
    "name": "COCOS ISLAND AIRPORT",
    "state": "WA",
    "code": "W"
  }
]
